{
  "IcoMoonType": "selection",
  "icons": [
    {
      "icon": {
        "paths": [
          "M987.429 510.286c0 5.143-2.286 10.286-5.714 13.714l-219.429 202.286c-5.714 5.143-13.143 6.286-20 3.429-6.286-2.857-10.857-9.143-10.857-16.571v-128h-713.143c-10.286 0-18.286-8-18.286-18.286v-109.714c0-10.286 8-18.286 18.286-18.286h713.143v-128c0-7.429 4-13.714 10.857-16.571s14.286-1.714 20 2.857l219.429 200c3.429 3.429 5.714 8 5.714 13.143v0z"
        ],
        "attrs": [
          {}
        ],
        "width": 987,
        "isMulticolor": false,
        "isMulticolor2": false,
        "tags": [
          "long-arrow-right"
        ],
        "grid": 14
      },
      "attrs": [
        {}
      ],
      "properties": {
        "order": 1,
        "id": 6,
        "prevSize": 28,
        "code": 59657,
        "name": "long-arrow-right"
      },
      "setIdx": 0,
      "setId": 2,
      "iconIdx": 0
    },
    {
      "icon": {
        "paths": [
          "M1024 457.143v109.714c0 10.286-8 18.286-18.286 18.286h-713.143v128c0 7.429-4 13.714-10.857 16.571s-14.286 1.714-20-2.857l-219.429-200c-3.429-3.429-5.714-8-5.714-13.143v0c0-5.143 2.286-10.286 5.714-13.714l219.429-202.286c5.714-5.143 13.143-6.286 20-3.429 6.286 2.857 10.857 9.143 10.857 16.571v128h713.143c10.286 0 18.286 8 18.286 18.286z"
        ],
        "attrs": [
          {}
        ],
        "width": 1061,
        "isMulticolor": false,
        "isMulticolor2": false,
        "tags": [
          "long-arrow-left"
        ],
        "grid": 14
      },
      "attrs": [
        {}
      ],
      "properties": {
        "order": 2,
        "id": 5,
        "prevSize": 28,
        "code": 59658,
        "name": "long-arrow-left"
      },
      "setIdx": 0,
      "setId": 2,
      "iconIdx": 1
    },
    {
      "icon": {
        "paths": [
          "M614.286 420.571c0 4.571-2.286 9.714-5.714 13.143l-266.286 266.286c-3.429 3.429-8.571 5.714-13.143 5.714s-9.714-2.286-13.143-5.714l-266.286-266.286c-3.429-3.429-5.714-8.571-5.714-13.143s2.286-9.714 5.714-13.143l28.571-28.571c3.429-3.429 8-5.714 13.143-5.714 4.571 0 9.714 2.286 13.143 5.714l224.571 224.571 224.571-224.571c3.429-3.429 8.571-5.714 13.143-5.714s9.714 2.286 13.143 5.714l28.571 28.571c3.429 3.429 5.714 8.571 5.714 13.143z"
        ],
        "attrs": [
          {}
        ],
        "width": 658,
        "isMulticolor": false,
        "isMulticolor2": false,
        "tags": [
          "angle-down"
        ],
        "grid": 14
      },
      "attrs": [
        {}
      ],
      "properties": {
        "order": 1,
        "id": 4,
        "prevSize": 28,
        "code": 59655,
        "name": "angle-down"
      },
      "setIdx": 0,
      "setId": 2,
      "iconIdx": 2
    },
    {
      "icon": {
        "paths": [
          "M614.286 676.571c0 4.571-2.286 9.714-5.714 13.143l-28.571 28.571c-3.429 3.429-8 5.714-13.143 5.714-4.571 0-9.714-2.286-13.143-5.714l-224.571-224.571-224.571 224.571c-3.429 3.429-8.571 5.714-13.143 5.714s-9.714-2.286-13.143-5.714l-28.571-28.571c-3.429-3.429-5.714-8.571-5.714-13.143s2.286-9.714 5.714-13.143l266.286-266.286c3.429-3.429 8.571-5.714 13.143-5.714s9.714 2.286 13.143 5.714l266.286 266.286c3.429 3.429 5.714 8.571 5.714 13.143z"
        ],
        "attrs": [
          {}
        ],
        "width": 658,
        "isMulticolor": false,
        "isMulticolor2": false,
        "tags": [
          "angle-up"
        ],
        "grid": 14
      },
      "attrs": [
        {}
      ],
      "properties": {
        "order": 2,
        "id": 3,
        "prevSize": 28,
        "code": 59656,
        "name": "angle-up"
      },
      "setIdx": 0,
      "setId": 2,
      "iconIdx": 3
    },
    {
      "icon": {
        "paths": [
          "M877.714 768v73.143c0 20-16.571 36.571-36.571 36.571h-804.571c-20 0-36.571-16.571-36.571-36.571v-73.143c0-20 16.571-36.571 36.571-36.571h804.571c20 0 36.571 16.571 36.571 36.571zM877.714 475.429v73.143c0 20-16.571 36.571-36.571 36.571h-804.571c-20 0-36.571-16.571-36.571-36.571v-73.143c0-20 16.571-36.571 36.571-36.571h804.571c20 0 36.571 16.571 36.571 36.571zM877.714 182.857v73.143c0 20-16.571 36.571-36.571 36.571h-804.571c-20 0-36.571-16.571-36.571-36.571v-73.143c0-20 16.571-36.571 36.571-36.571h804.571c20 0 36.571 16.571 36.571 36.571z"
        ],
        "attrs": [
          {}
        ],
        "width": 878,
        "isMulticolor": false,
        "isMulticolor2": false,
        "tags": [
          "bars",
          "navicon",
          "reorder"
        ],
        "grid": 14
      },
      "attrs": [
        {}
      ],
      "properties": {
        "order": 1,
        "id": 2,
        "prevSize": 28,
        "code": 59648,
        "name": "bars"
      },
      "setIdx": 0,
      "setId": 2,
      "iconIdx": 4
    },
    {
      "icon": {
        "paths": [
          "M1024 405.714v453.714c0 50.286-41.143 91.429-91.429 91.429h-841.143c-50.286 0-91.429-41.143-91.429-91.429v-453.714c17.143 18.857 36.571 35.429 57.714 49.714 94.857 64.571 190.857 129.143 284 197.143 48 35.429 107.429 78.857 169.714 78.857h1.143c62.286 0 121.714-43.429 169.714-78.857 93.143-67.429 189.143-132.571 284.571-197.143 20.571-14.286 40-30.857 57.143-49.714zM1024 237.714c0 64-47.429 121.714-97.714 156.571-89.143 61.714-178.857 123.429-267.429 185.714-37.143 25.714-100 78.286-146.286 78.286h-1.143c-46.286 0-109.143-52.571-146.286-78.286-88.571-62.286-178.286-124-266.857-185.714-40.571-27.429-98.286-92-98.286-144 0-56 30.286-104 91.429-104h841.143c49.714 0 91.429 41.143 91.429 91.429z"
        ],
        "attrs": [
          {}
        ],
        "isMulticolor": false,
        "isMulticolor2": false,
        "tags": [
          "envelope"
        ],
        "grid": 14
      },
      "attrs": [
        {}
      ],
      "properties": {
        "order": 1,
        "id": 1,
        "name": "envelope",
        "prevSize": 28,
        "code": 59653
      },
      "setIdx": 0,
      "setId": 2,
      "iconIdx": 5
    },
    {
      "icon": {
        "paths": [
          "M954.857 323.429c0 14.286-5.714 28.571-16 38.857l-491.429 491.429c-10.286 10.286-24.571 16-38.857 16s-28.571-5.714-38.857-16l-284.571-284.571c-10.286-10.286-16-24.571-16-38.857s5.714-28.571 16-38.857l77.714-77.714c10.286-10.286 24.571-16 38.857-16s28.571 5.714 38.857 16l168 168.571 374.857-375.429c10.286-10.286 24.571-16 38.857-16s28.571 5.714 38.857 16l77.714 77.714c10.286 10.286 16 24.571 16 38.857z"
        ],
        "attrs": [
          {}
        ],
        "isMulticolor": false,
        "isMulticolor2": false,
        "tags": [
          "check"
        ],
        "grid": 14
      },
      "attrs": [
        {}
      ],
      "properties": {
        "order": 1,
        "id": 0,
        "name": "check",
        "prevSize": 28,
        "code": 59654
      },
      "setIdx": 0,
      "setId": 2,
      "iconIdx": 6
    },
    {
      "icon": {
        "paths": [
          "M512 92.2c136.8 0 153 0.6 206.8 3 50 2.2 77 10.6 95 17.6 23.8 9.2 41 20.4 58.8 38.2 18 18 29 35 38.4 58.8 7 18 15.4 45.2 17.6 95 2.4 54 3 70.2 3 206.8s-0.6 153-3 206.8c-2.2 50-10.6 77-17.6 95-9.2 23.8-20.4 41-38.2 58.8-18 18-35 29-58.8 38.4-18 7-45.2 15.4-95 17.6-54 2.4-70.2 3-206.8 3s-153-0.6-206.8-3c-50-2.2-77-10.6-95-17.6-23.8-9.2-41-20.4-58.8-38.2-18-18-29-35-38.4-58.8-7-18-15.4-45.2-17.6-95-2.4-54-3-70.2-3-206.8s0.6-153 3-206.8c2.2-50 10.6-77 17.6-95 9.2-23.8 20.4-41 38.2-58.8 18-18 35-29 58.8-38.4 18-7 45.2-15.4 95-17.6 53.8-2.4 70-3 206.8-3zM512 0c-139 0-156.4 0.6-211 3-54.4 2.4-91.8 11.2-124.2 23.8-33.8 13.2-62.4 30.6-90.8 59.2-28.6 28.4-46 57-59.2 90.6-12.6 32.6-21.4 69.8-23.8 124.2-2.4 54.8-3 72.2-3 211.2s0.6 156.4 3 211c2.4 54.4 11.2 91.8 23.8 124.2 13.2 33.8 30.6 62.4 59.2 90.8 28.4 28.4 57 46 90.6 59 32.6 12.6 69.8 21.4 124.2 23.8 54.6 2.4 72 3 211 3s156.4-0.6 211-3c54.4-2.4 91.8-11.2 124.2-23.8 33.6-13 62.2-30.6 90.6-59s46-57 59-90.6c12.6-32.6 21.4-69.8 23.8-124.2 2.4-54.6 3-72 3-211s-0.6-156.4-3-211c-2.4-54.4-11.2-91.8-23.8-124.2-12.6-34-30-62.6-58.6-91-28.4-28.4-57-46-90.6-59-32.6-12.6-69.8-21.4-124.2-23.8-54.8-2.6-72.2-3.2-211.2-3.2v0z",
          "M512 249c-145.2 0-263 117.8-263 263s117.8 263 263 263 263-117.8 263-263c0-145.2-117.8-263-263-263zM512 682.6c-94.2 0-170.6-76.4-170.6-170.6s76.4-170.6 170.6-170.6c94.2 0 170.6 76.4 170.6 170.6s-76.4 170.6-170.6 170.6z",
          "M846.8 238.6c0 33.91-27.49 61.4-61.4 61.4s-61.4-27.49-61.4-61.4c0-33.91 27.49-61.4 61.4-61.4s61.4 27.49 61.4 61.4z"
        ],
        "attrs": [
          {},
          {},
          {}
        ],
        "isMulticolor": false,
        "isMulticolor2": false,
        "tags": [
          "instagram",
          "brand",
          "social"
        ],
        "grid": 16
      },
      "attrs": [
        {},
        {},
        {}
      ],
      "properties": {
        "order": 1,
        "id": 3,
        "prevSize": 32,
        "code": 59652,
        "name": "instagram"
      },
      "setIdx": 1,
      "setId": 1,
      "iconIdx": 0
    },
    {
      "icon": {
        "paths": [
          "M928 0h-832c-52.8 0-96 43.2-96 96v832c0 52.8 43.2 96 96 96h832c52.8 0 96-43.2 96-96v-832c0-52.8-43.2-96-96-96zM384 832h-128v-448h128v448zM320 320c-35.4 0-64-28.6-64-64s28.6-64 64-64c35.4 0 64 28.6 64 64s-28.6 64-64 64zM832 832h-128v-256c0-35.4-28.6-64-64-64s-64 28.6-64 64v256h-128v-448h128v79.4c26.4-36.2 66.8-79.4 112-79.4 79.6 0 144 71.6 144 160v288z"
        ],
        "attrs": [
          {}
        ],
        "isMulticolor": false,
        "isMulticolor2": false,
        "tags": [
          "linkedin",
          "brand",
          "social"
        ],
        "grid": 16
      },
      "attrs": [
        {}
      ],
      "properties": {
        "order": 1,
        "id": 2,
        "name": "linkedin",
        "prevSize": 32,
        "code": 59649
      },
      "setIdx": 1,
      "setId": 1,
      "iconIdx": 1
    },
    {
      "icon": {
        "paths": [
          "M1024 226.4c-37.6 16.8-78.2 28-120.6 33 43.4-26 76.6-67.2 92.4-116.2-40.6 24-85.6 41.6-133.4 51-38.4-40.8-93-66.2-153.4-66.2-116 0-210 94-210 210 0 16.4 1.8 32.4 5.4 47.8-174.6-8.8-329.4-92.4-433-219.6-18 31-28.4 67.2-28.4 105.6 0 72.8 37 137.2 93.4 174.8-34.4-1-66.8-10.6-95.2-26.2 0 0.8 0 1.8 0 2.6 0 101.8 72.4 186.8 168.6 206-17.6 4.8-36.2 7.4-55.4 7.4-13.6 0-26.6-1.4-39.6-3.8 26.8 83.4 104.4 144.2 196.2 146-72 56.4-162.4 90-261 90-17 0-33.6-1-50.2-3 93.2 59.8 203.6 94.4 322.2 94.4 386.4 0 597.8-320.2 597.8-597.8 0-9.2-0.2-18.2-0.6-27.2 41-29.4 76.6-66.4 104.8-108.6z"
        ],
        "attrs": [
          {}
        ],
        "isMulticolor": false,
        "isMulticolor2": false,
        "tags": [
          "twitter",
          "brand",
          "tweet",
          "social"
        ],
        "grid": 16
      },
      "attrs": [
        {}
      ],
      "properties": {
        "order": 1,
        "id": 1,
        "name": "twitter",
        "prevSize": 32,
        "code": 59650
      },
      "setIdx": 1,
      "setId": 1,
      "iconIdx": 2
    },
    {
      "icon": {
        "paths": [
          "M608 192h160v-192h-160c-123.514 0-224 100.486-224 224v96h-128v192h128v512h192v-512h160l32-192h-192v-96c0-17.346 14.654-32 32-32z"
        ],
        "attrs": [
          {}
        ],
        "isMulticolor": false,
        "isMulticolor2": false,
        "tags": [
          "facebook",
          "brand",
          "social"
        ],
        "grid": 16
      },
      "attrs": [
        {}
      ],
      "properties": {
        "order": 1,
        "id": 0,
        "name": "facebook",
        "prevSize": 32,
        "code": 59651
      },
      "setIdx": 1,
      "setId": 1,
      "iconIdx": 3
    }
  ],
  "height": 1024,
  "metadata": {
    "name": "sc-icomoon"
  },
  "preferences": {
    "showGlyphs": true,
    "showCodes": true,
    "showQuickUse": true,
    "showQuickUse2": true,
    "showSVGs": true,
    "fontPref": {
      "prefix": "sc-icon-",
      "metadata": {
        "fontFamily": "sc-icomoon",
        "majorVersion": 1,
        "minorVersion": 0
      },
      "metrics": {
        "emSize": 1024,
        "baseline": 6.25,
        "whitespace": 50
      },
      "embed": false,
      "showVersion": false,
      "showMetadata": true,
      "showMetrics": true,
      "showSelector": true
    },
    "imagePref": {
      "prefix": "icon-",
      "png": true,
      "useClassSelector": true,
      "color": 0,
      "bgColor": 16777215,
      "name": "sc-image-icons",
      "classSelector": ".icon",
      "height": 32,
      "columns": 16,
      "margin": 16
    },
    "historySize": 50
  }
}